plant,zone,capacity,efficiency,ef,startup,fuel,fuelcap
Landivisiau,FR,446,0.580,0.202,44600,gas,18000
Saint_Avold,FR,420,0.560,0.202,42000,gas,18000
Toul,FR,434,0.575,0.202,43400,gas,18000
Bayet,FR,420,0.570,0.202,42000,gas,18000
Pont_sur_Sambre,FR,439,0.575,0.202,43900,gas,18000
Marcinelle,BE,413,0.575,0.202,41300,gas,17000
Castejon_1_3,ES,855,0.585,0.202,85500,gas,35000
Sloe,NL,870,0.580,0.202,87000,gas,36000
Rijnmond,NL,810,0.570,0.202,81000,gas,34000
MaasStroom,NL,426,0.575,0.202,42600,gas,18000
Enecogen,NL,910,0.585,0.202,91000,gas,37000